human_id,database,protein,gene,species,pathogen_id,pathogen_species,database_pathogen,pathogen_protein,pathogen_gene,human_seq,human_start,human_end,pathogen_seq,pathogen_start,pathogen_end,extended_pathogen_seq,pathogen_length,binding_rank_strong_HLA_DQA10101_DQB10501,binding_rank_weak_HLA_DQA10101_DQB10501,binding_rank_very_weak_HLA_DQA10101_DQB10501,binding_rank_strong_DRB4_0101,binding_rank_weak_DRB4_0101,binding_rank_very_weak_DRB4_0101,binding_rank_strong_DRB1_0802,binding_rank_weak_DRB1_0802,binding_rank_very_weak_DRB1_0802,binding_rank_strong_DRB3_0101,binding_rank_weak_DRB3_0101,binding_rank_very_weak_DRB3_0101,binding_rank_strong_DRB1_1501,binding_rank_weak_DRB1_1501,binding_rank_very_weak_DRB1_1501,binding_rank_strong_DRB3_0202,binding_rank_weak_DRB3_0202,binding_rank_very_weak_DRB3_0202,binding_rank_strong_DRB1_0301,binding_rank_weak_DRB1_0301,binding_rank_very_weak_DRB1_0301,binding_rank_strong_DRB1_0701,binding_rank_weak_DRB1_0701,binding_rank_very_weak_DRB1_0701,binding_rank_strong_DRB1_1302,binding_rank_weak_DRB1_1302,binding_rank_very_weak_DRB1_1302,binding_rank_strong_HLA_DQA10501_DQB10301,binding_rank_weak_HLA_DQA10501_DQB10301,binding_rank_very_weak_HLA_DQA10501_DQB10301,binding_rank_strong_HLA_DPA10201_DPB11401,binding_rank_weak_HLA_DPA10201_DPB11401,binding_rank_very_weak_HLA_DPA10201_DPB11401,binding_rank_strong_HLA_DPA10103_DPB10201,binding_rank_weak_HLA_DPA10103_DPB10201,binding_rank_very_weak_HLA_DPA10103_DPB10201,binding_rank_strong_DRB5_0101,binding_rank_weak_DRB5_0101,binding_rank_very_weak_DRB5_0101,binding_rank_strong_HLA_DQA10301_DQB10302,binding_rank_weak_HLA_DQA10301_DQB10302,binding_rank_very_weak_HLA_DQA10301_DQB10302,binding_rank_strong_HLA_DPA10301_DPB10402,binding_rank_weak_HLA_DPA10301_DPB10402,binding_rank_very_weak_HLA_DPA10301_DPB10402,binding_rank_strong_HLA_DPA10201_DPB10501,binding_rank_weak_HLA_DPA10201_DPB10501,binding_rank_very_weak_HLA_DPA10201_DPB10501,binding_rank_strong_HLA_DQA10501_DQB10201,binding_rank_weak_HLA_DQA10501_DQB10201,binding_rank_very_weak_HLA_DQA10501_DQB10201,binding_rank_strong_DRB1_0101,binding_rank_weak_DRB1_0101,binding_rank_very_weak_DRB1_0101,binding_rank_strong_HLA_DQA10102_DQB10602,binding_rank_weak_HLA_DQA10102_DQB10602,binding_rank_very_weak_HLA_DQA10102_DQB10602,binding_rank_strong_HLA_DPA10103_DPB10401,binding_rank_weak_HLA_DPA10103_DPB10401,binding_rank_very_weak_HLA_DPA10103_DPB10401,binding_rank_strong_DRB1_1201,binding_rank_weak_DRB1_1201,binding_rank_very_weak_DRB1_1201,binding_rank_strong_DRB1_0401,binding_rank_weak_DRB1_0401,binding_rank_very_weak_DRB1_0401,binding_rank_strong_HLA_DPA10201_DPB10101,binding_rank_weak_HLA_DPA10201_DPB10101,binding_rank_very_weak_HLA_DPA10201_DPB10101,binding_rank_strong_HLA_DQA10401_DQB10402,binding_rank_weak_HLA_DQA10401_DQB10402,binding_rank_very_weak_HLA_DQA10401_DQB10402,binding_rank_strong_DRB1_0901,binding_rank_weak_DRB1_0901,binding_rank_very_weak_DRB1_0901,binding_rank_strong_DRB1_0405,binding_rank_weak_DRB1_0405,binding_rank_very_weak_DRB1_0405,binding_rank_strong_DRB1_1101,binding_rank_weak_DRB1_1101,binding_rank_very_weak_DRB1_1101,binding_rank_strong,binding_rank_weak,binding_rank_very_weak,Rank_average_HLA_DQA10101_DQB10501,Rank_average_DRB4_0101,Rank_average_DRB1_0802,Rank_average_DRB3_0101,Rank_average_DRB1_1501,Rank_average_DRB3_0202,Rank_average_DRB1_0301,Rank_average_DRB1_0701,Rank_average_DRB1_1302,Rank_average_HLA_DQA10501_DQB10301,Rank_average_HLA_DPA10201_DPB11401,Rank_average_HLA_DPA10103_DPB10201,Rank_average_HLA_DQA10301_DQB10302,Rank_average_HLA_DPA10301_DPB10402,Rank_average_HLA_DPA10201_DPB10501,Rank_average_DRB1_0101,Rank_average_HLA_DQA10102_DQB10602,Rank_average_HLA_DPA10103_DPB10401,Rank_average_DRB1_1201,Rank_average_DRB1_0401,Rank_average_HLA_DPA10201_DPB10101,Rank_average_HLA_DQA10401_DQB10402,Rank_average_DRB1_0901,Rank_average_DRB1_0405,Rank_average_DRB1_1101,nM_HLA_DQA10101_DQB10501,nM_DRB4_0101,nM_DRB1_0802,nM_DRB3_0101,nM_DRB1_1501,nM_DRB3_0202,nM_DRB1_0301,nM_DRB1_0701,nM_DRB1_1302,nM_HLA_DQA10501_DQB10301,nM_HLA_DPA10201_DPB11401,nM_HLA_DPA10103_DPB10201,nM_HLA_DQA10301_DQB10302,nM_HLA_DPA10301_DPB10402,nM_HLA_DPA10201_DPB10501,nM_DRB1_0101,nM_HLA_DQA10102_DQB10602,nM_HLA_DPA10103_DPB10401,nM_DRB1_1201,nM_DRB1_0401,nM_HLA_DPA10201_DPB10101,nM_HLA_DQA10401_DQB10402,nM_DRB1_0901,nM_DRB1_0405,Gene description,Uniprot,# MIM Number,MIM Entry Type,Entrez Gene ID,HGNC,Ensembl Gene ID,type
sp|O60667|FCMR_HUMAN,sp,O60667,FCMR,HUMAN,0102041|tr|E9RHB2|E9RHB2_9BETA,102041,tr,E9RHB2,E9RHB2,ASSVAG,193,198,ASSVAG,108,113,VSSKTASSVAGTTIQS,6,,,,,,,,,,,,,,,,,,,,,,,,,,,,strong,weak,very_weak,,,very_weak,,,,,,,,,,,,,,,,,,,,,,,weak,very_weak,,,,,,,,,,,,,,,very_weak,,,,,,,,,,strong,weak,very_weak,86.745,80.375,55.07,81.66,74.63999999999999,58.965,88.13,24.055,75.67,1.405,10.165,76.47,33.71,83.66999999999999,73.39,45.55,5.445,84.625,78.185,60.625,75.11500000000002,15.175,27.88000000000001,71.025,70.875,19752.8249509072,6513.30671440938,3104.27134654697,12906.2457074749,7362.12637630519,10339.6047311292,15844.3199723058,1075.86220471487,5330.08720533784,51.136788789067104,3051.09282867232,10835.0689872728,3214.67704701685,12989.0389814692,14265.871054366598,709.718217665161,260.33288160878,15594.8145753795,11648.9447659624,3244.83457154867,9736.98841016286,463.01398876909,903.541631432576,5747.719074817371,Fc mu receptor,O60667,606015.0,gene,9214.0,FCMR,ENSG00000162894,virus
sp|O60667|FCMR_HUMAN,sp,O60667,FCMR,HUMAN,0102041|tr|E9RH66|E9RH66_9BETA,102041,tr,E9RH66,E9RH66,TFLPST,203,208,TFLPST,169,174,ELHTKTFLPSTFCGRS,6,,,,,,,,,,,,,,,,,,,,,,,,,,,,,,,,,,strong,weak,very_weak,,,,,,,,,,,,very_weak,,,,,,,,,,,,very_weak,,,,,,,,,very_weak,,,,,,,,,,,,,strong,weak,very_weak,44.63,56.17,54.375,53.62,41.755,38.555,53.48,46.1,47.96,61.39,31.055,1.3050000000000002,61.47,22.445,17.849999999999994,31.565,72.92,14.305,42.76000000000001,57.285,14.93,36.375,46.94499999999999,57.32,32.965,4871.81258311317,1005.32898931774,1442.66177103421,3229.63324900842,712.033362668519,2392.36408719429,3702.3519743064703,412.383268377809,1583.9108422330496,1476.5032808920498,3077.51728064966,32.3607597985253,4303.12526718844,211.41458238853295,684.372759984283,166.649720346102,3179.2223662219603,258.684692384247,1941.4359013823896,1632.38299552453,288.990445205625,172.642106436637,393.13434550245,1306.24090624518,Fc mu receptor,O60667,606015.0,gene,9214.0,FCMR,ENSG00000162894,virus
sp|O60667|FCMR_HUMAN,sp,O60667,FCMR,HUMAN,0102041|tr|E9RHB7|E9RHB7_9BETA,102041,tr,E9RHB7,E9RHB7,RQRALD,235,240,RQRALD,223,228,TMRMARQRALDLFRRG,6,,,,,weak,very_weak,,,,,,,,weak,very_weak,,,,,,,,,very_weak,,,,,,,,,very_weak,,,,,weak,very_weak,,,,,,very_weak,,weak,very_weak,,,,,weak,very_weak,,,,,,,,weak,very_weak,,,,,,,,,very_weak,,,very_weak,,,,,,,,weak,very_weak,31.24,3.685,28.915,27.645,8.549999999999999,23.535,28.94,11.9,22.955,48.315,18.085,21.285,56.84,17.4,9.510000000000002,2.8200000000000003,39.085,26.33,4.87,24.575,21.56,19.645,15.7,30.075,26.325000000000006,2751.44896476917,30.1421808168896,328.13970993174,1603.49925167731,72.08438018700029,989.615538048897,656.4500421060727,72.48481606538671,147.71679272617598,1555.93527913461,1179.69131063589,619.1679197061329,5927.39818854078,382.36552723108,503.2684163255741,11.1625196049429,612.05429045125,1118.1111648741,152.848020579617,323.773622982495,482.338046296809,95.875141487971,60.6054918881762,335.056775021526,Fc mu receptor,O60667,606015.0,gene,9214.0,FCMR,ENSG00000162894,virus
sp|O60667|FCMR_HUMAN,sp,O60667,FCMR,HUMAN,0001259|tr|Q1GA07|Q1GA07_LACDA,1259,tr,Q1GA07,Q1GA07,LALLGL,265,270,LALLGL,67,72,QTIPSLALLGLLIPFV,6,,,,,,,,,,,,,,,,,,,,,,,,,,,,,,,,,,,,,,,,,,,,,,,,,,,,,,,,,,,,,,,,,,,,,,,,,,,,,,,,,,,,,29.44,43.905,59.845,64.575,51.065000000000005,67.03999999999999,67.66,48.315000000000005,62.955,42.53,51.625,53.085,53.14,43.355,57.81,32.655,51.915,49.96,40.18,62.37,47.415,49.185,48.215,59.24,60.99,746.912608262981,343.313662176105,1317.35423978967,3996.24800078008,542.501733267481,6084.32095679517,4870.91656267713,318.564743116208,1414.45424489181,704.912156238295,2870.31615577419,790.320255825421,2997.78718679064,342.397386394636,2280.52234625677,71.7117567853718,598.789991078235,923.227040475966,642.508568846129,1366.1714637028,644.974225104244,785.155246753651,357.085193421477,1021.93305407852,Fc mu receptor,O60667,606015.0,gene,9214.0,FCMR,ENSG00000162894,bacteria
sp|O60667|FCMR_HUMAN,sp,O60667,FCMR,HUMAN,0001259|tr|Q1G8V6|Q1G8V6_LACDA,1259,tr,Q1G8V6,Q1G8V6,LEGLLK,216,221,LEGLLK,119,124,MQNQTLEGLLKRNQIR,6,,,,,,,,weak,very_weak,,,,,,,,,,,,,,,,,,,,,,,,,,,,,,,,,,,,,,,very_weak,,,,,,,,,,,,,,,,,,,,,,,,,,,,,,,strong,weak,very_weak,strong,weak,very_weak,67.65,33.915,6.395,73.115,37.1,61.05,26.695,72.68,25.63,63.21,49.620000000000005,40.96,86.265,40.695,17.155,49.3,43.44,48.16,23.405,64.33500000000001,39.22,30.9,72.665,69.455,1.695,9042.39965953433,845.649646015503,601.426159585708,7660.01627197605,1839.75409196259,10401.4304402482,2397.96175310469,3435.52983284602,2344.44581907097,3607.60492925124,6899.14624816071,3572.60662858504,10003.9630293186,1866.33934540642,1797.15902218179,464.976934096365,2562.06739954859,5138.90503098717,1785.25944706375,3692.07120744214,1937.91011459555,1291.34525715026,2948.69715503798,3559.02601261963,Fc mu receptor,O60667,606015.0,gene,9214.0,FCMR,ENSG00000162894,bacteria
sp|O60667|FCMR_HUMAN,sp,O60667,FCMR,HUMAN,0001259|tr|Q1GA38|Q1GA38_LACDA,1259,tr,Q1GA38,Q1GA38,HSSPTT,177,182,HSSPTT,161,166,QKMLNHSSPTTTLRYI,6,,,,,,,,,,,,,,,very_weak,,,very_weak,,,,,,very_weak,,,,,weak,very_weak,,,,,,,,,,,,,,,,,,,,,,,,very_weak,,,,,,,,,,,,,,,,,,,,,very_weak,,,,,,,,weak,very_weak,77.245,46.835,35.46,44.58,18.07,13.665,44.135000000000005,14.78,21.405,8.629999999999999,38.525,74.27,60.56,73.955,73.42,19.87,27.37,74.825,50.44,27.29,73.345,39.725,11.825,45.01,47.695,10825.9286673256,1159.83362831969,918.782628723852,4570.53090361152,466.473528800976,465.565927663438,3692.99011178744,187.306765900676,209.399842723318,211.728196638152,5320.63765233196,5680.76140308115,5189.02266828871,5331.35610431267,8425.9372400268,87.0997194202722,1077.79627910045,8168.39771285195,3049.34368640118,513.743706949594,4783.79772933043,366.027476688693,147.843109476643,1252.14610313825,Fc mu receptor,O60667,606015.0,gene,9214.0,FCMR,ENSG00000162894,bacteria
sp|O60667|FCMR_HUMAN,sp,O60667,FCMR,HUMAN,0001259|tr|Q1G7P3|Q1G7P3_LACDA,1259,tr,Q1G7P3,Q1G7P3,RASSVA,192,197,RASSVA,137,142,ANQIGRASSVAAVGGQ,6,,,,,,,,weak,very_weak,,,,,,very_weak,,,very_weak,,,,,weak,very_weak,,,very_weak,strong,weak,very_weak,strong,weak,very_weak,,,,,,,,,very_weak,,,,,,,,,,,weak,very_weak,strong,weak,very_weak,,,,,,,,weak,very_weak,,,,,weak,very_weak,,weak,very_weak,,,very_weak,,,,strong,weak,very_weak,55.675,22.915,5.8100000000000005,47.24,11.1,11.215,38.18,9.905,16.685000000000002,0.75,0.915,61.605,13.39,63.085,44.095,2.99,1.935,56.265,37.34,3.33,51.735,2.835,4.265,18.325,22.135,11027.495901258,1307.18817643212,315.487918582345,8045.77188055574,608.659880034959,1912.41477431357,6389.27322165657,405.832254559308,610.407559058771,33.42189253295,640.620458872624,8834.66956583235,1932.63343655855,9794.46892653786,10312.3439073028,30.2522878220047,144.574938470007,12140.8962640939,5048.68619851779,226.955852813091,7698.48584006148,201.969825526611,162.632902107738,1097.35303235908,Fc mu receptor,O60667,606015.0,gene,9214.0,FCMR,ENSG00000162894,bacteria
sp|O60667|FCMR_HUMAN,sp,O60667,FCMR,HUMAN,0001259|tr|Q1G7V0|Q1G7V0_LACDA,1259,tr,Q1G7V0,Q1G7V0,LLALLG,264,269,LLALLG,48,53,INSGALLALLGDLALK,6,,weak,very_weak,,weak,very_weak,,,,,,,,weak,very_weak,,,,,,,,,,,,,,,,,,,,,,,,,,,,,,,,,,,,,,weak,very_weak,,,,,,,,weak,very_weak,,,very_weak,,,,,,,,,,,,very_weak,,,,,weak,very_weak,6.66,2.29,39.655,34.26,9.44,48.41,38.71,41.22,41.075,37.435,53.04,46.55,28.285,31.615,45.870000000000005,2.795,20.175,37.11,7.475,17.855,43.97,46.885,43.49,16.64,35.53,188.861518989552,45.1040980253275,833.333168569644,2434.29843699147,106.253081460434,4761.07761654285,2567.25647452908,696.640026342747,743.872114985751,213.430231920693,3556.52388087564,920.892544813003,1285.51811918901,377.13917006014,1794.82715286849,12.2080475293078,58.5322735918125,1177.62535402854,217.997654333548,288.36263880081,648.192326797715,617.047892196527,500.829427071146,190.322066674378,Fc mu receptor,O60667,606015.0,gene,9214.0,FCMR,ENSG00000162894,bacteria
sp|O60667|FCMR_HUMAN,sp,O60667,FCMR,HUMAN,0001259|tr|Q1G8E4|Q1G8E4_LACDA,1259,tr,Q1G8E4,Q1G8E4,VKRAVE,272,277,VKRAVE,203,208,SQKSAVKRAVELLKLT,6,,,,,,,,,,,,,,,,,,,,,very_weak,,,,,,,,,,,weak,very_weak,,,very_weak,,weak,very_weak,,,,,,very_weak,strong,weak,very_weak,,,,,,,,,,,,very_weak,,,very_weak,,,,,weak,very_weak,,,,,,,,,,,,,strong,weak,very_weak,58.315,26.245,26.49,57.065,23.24,48.8,17.285,32.915,29.945,58.0,6.475,14.54,62.51,10.625,1.63,37.150000000000006,42.8,17.17,18.950000000000003,48.2,6.385000000000001,26.65,21.075,50.325,25.340000000000003,5233.73646936999,299.356042888156,637.543412259506,4463.60035446179,379.702272378349,4999.70759886227,1119.46693024565,334.408485045537,795.338508378434,1472.59448164958,341.982715351445,210.962150324126,5014.82311014793,111.239868753161,141.561162871335,164.409223329745,969.112061083761,347.311356651093,819.137302691664,1349.876547038,126.916304294784,341.387505402843,342.367750366828,1233.20182147994,Fc mu receptor,O60667,606015.0,gene,9214.0,FCMR,ENSG00000162894,bacteria
sp|O60667|FCMR_HUMAN,sp,O60667,FCMR,HUMAN,0644875|tr|A0A934PA37|A0A934PA37_9STRE,644875,tr,A0A934PA37,A0A934PA37,LFLLALL,262,268,LFLLALL,99,105,LTAFILFLLALLAEFRD,7,,,very_weak,,,,,,,,,,,,,,,,,,,,,,,,,,,,,,,,,,,,,,,,,,,,,,,,,,,very_weak,,,,,,,,,,,,,,,,,,,,,,,,,,,,,,very_weak,14.435,41.255,58.545,51.97,37.74,54.765,56.075,64.285,69.565,84.035,51.370000000000005,43.675,52.78,34.525,41.965,10.34,70.15,23.85,29.175,53.535,39.29,51.510000000000005,57.285,44.14,51.33,770.6452623969,733.252154585715,2440.70713054386,3573.10917647872,576.744157017828,7478.62012072059,3768.43058345046,1620.04875271834,3224.77969539075,6102.31938961709,4014.57981182138,566.373637845557,3773.4490728521,338.328107217585,1342.27403594679,85.3865461854099,2698.7608558947,614.423020450706,743.437621235285,1859.48621004088,610.440582324284,1456.6211343723,1297.69014115216,765.973406393661,Fc mu receptor,O60667,606015.0,gene,9214.0,FCMR,ENSG00000162894,bacteria
sp|O60667|FCMR_HUMAN,sp,O60667,FCMR,HUMAN,0644875|tr|A0A934UD55|A0A934UD55_9STRE,644875,tr,A0A934UD55,A0A934UD55,GALRIL,15,20,GALRIL,263,268,LLIGVGALRILNGTIS,6,,,,,,very_weak,,,,,,,,,,,,,,,,,,very_weak,,,,,,,,,,,,,,,,,,,,,,,,,,,,,weak,very_weak,,,very_weak,,,,,,very_weak,,,,,,,,,,,,,,,,,,,,weak,very_weak,34.235,10.285,22.38,52.33,29.775,45.095,43.765,15.57,35.24,32.315,38.365,36.025,43.06,33.685,45.86,9.294999999999998,11.975,36.34,19.375,27.87,42.19,34.09,37.2,26.11,27.935,1497.36949212396,147.020000418548,287.303780880394,2707.5350867067,119.611176086181,1753.80349897519,1577.99233035315,28.9133047095934,79.975318727954,356.803263245169,1181.64581972123,465.037309383775,3390.95531917946,327.490629739371,1476.42340586197,22.7384995370769,187.572441054825,907.971260538028,259.315214539074,421.636911856823,707.76277307524,164.736861686531,141.154326936162,312.860279564369,Fc mu receptor,O60667,606015.0,gene,9214.0,FCMR,ENSG00000162894,bacteria
sp|O60667|FCMR_HUMAN,sp,O60667,FCMR,HUMAN,0644875|tr|A0A934PA37|A0A934PA37_9STRE,644875,tr,A0A934PA37,A0A934PA37,LFLLAL,262,267,LFLLAL,99,104,LTAFILFLLALLAEFR,6,,,very_weak,,,,,,,,,,,,,,,,,,,,,,,,,,,,,,,,,,,,,,,,,,,,,,,,,,,very_weak,,,,,,,,,,,,,,,,,,,,,,,,,,,,,,very_weak,19.535,45.32,54.7,57.02,30.565,54.765,62.92,63.105,69.565,83.065,51.645,43.0,70.28999999999999,34.46,45.39,10.34,72.985,26.35,30.1,46.695,45.735,51.510000000000005,64.185,46.54,43.735,1246.28007935133,917.302609422894,2566.33999234185,4664.09964885097,604.544705267119,7478.62012072059,5227.05864473211,1679.6467152398,3224.77969539075,7158.91214530994,4247.0643103224,628.455062952954,6370.91093998636,444.805687310997,1674.56586202918,85.3865461854099,3296.57115784743,788.466845962485,1093.02789091988,1995.1422189204,900.633039233883,1456.6211343723,1606.95552302305,1290.10234151147,Fc mu receptor,O60667,606015.0,gene,9214.0,FCMR,ENSG00000162894,bacteria
sp|O60667|FCMR_HUMAN,sp,O60667,FCMR,HUMAN,0644875|tr|A0A934UCV8|A0A934UCV8_9STRE,644875,tr,A0A934UCV8,A0A934UCV8,QKVTLN,116,121,QKVTLN,338,343,WAPTAQKVTLNLYESV,6,,,,,,,,,,,,,,,,,,,,,,,,,,,,,,,,,,,weak,very_weak,,,,,,,,,very_weak,,,very_weak,,,,,,,,,,,weak,very_weak,,,very_weak,,,,,weak,very_weak,,,very_weak,,,,,,,,,,,weak,very_weak,32.875,39.075,41.525,30.455,46.760000000000005,25.73,41.56,31.07,24.28,48.945,34.56,9.375,35.805,12.055,15.865000000000002,58.065,31.47,6.42,11.93,46.765,9.17,19.65,48.43,25.025,47.86,1816.00196694395,1044.98900898409,2087.01837575432,1504.44990542552,1536.64524230549,533.779724276139,3256.58198767678,766.976870268263,105.724419382822,1961.5368704784,4295.63581566315,116.911419586957,2567.0620418712,220.288094165885,1277.37939657012,664.733837751294,1405.08868272932,155.621467735179,738.251436929102,1784.98904198477,260.127340475844,812.270919363316,1259.89229265396,683.647477944751,Fc mu receptor,O60667,606015.0,gene,9214.0,FCMR,ENSG00000162894,bacteria
sp|O60667|FCMR_HUMAN,sp,O60667,FCMR,HUMAN,0644875|tr|A0A934PA37|A0A934PA37_9STRE,644875,tr,A0A934PA37,A0A934PA37,FLLALL,263,268,FLLALL,100,105,TAFILFLLALLAEFRD,6,,,very_weak,,,,,,,,,,,,,,,,,,,,,,,,,,,,,,,,,,,,,,,,,,,,,,,,,,,very_weak,,,,,,,,,,,,,,,,,,,,,,,,,,,,,,very_weak,14.435,41.255,61.645,51.97,37.74,54.765,56.075,64.285,69.565,84.035,51.370000000000005,42.825,52.78,32.495,40.43000000000001,10.34,70.15,23.85,29.175,53.535,39.29,49.465,57.285,44.14,51.33,770.6452623969,733.252154585715,2456.41736673199,3573.10917647872,576.744157017828,7478.62012072059,3768.43058345046,1620.04875271834,3224.77969539075,6102.31938961709,4014.57981182138,624.638443170319,3773.4490728521,367.658799343386,1529.97604018569,85.3865461854099,2698.7608558947,614.423020450706,743.437621235285,1859.48621004088,610.440582324284,1485.74994217269,1297.69014115216,765.973406393661,Fc mu receptor,O60667,606015.0,gene,9214.0,FCMR,ENSG00000162894,bacteria
sp|O60667|FCMR_HUMAN,sp,O60667,FCMR,HUMAN,0644875|tr|A0A934P9K1|A0A934P9K1_9STRE,644875,tr,A0A934P9K1,A0A934P9K1,LDYGSQ,239,244,LDYGSQ,17,22,EKIIVLDYGSQYNQLI,6,,weak,very_weak,,weak,very_weak,,,very_weak,strong,weak,very_weak,,weak,very_weak,,weak,very_weak,strong,weak,very_weak,,,,,weak,very_weak,,,,,,,,,,,,,,,very_weak,,,,,,very_weak,,,very_weak,,,,,,,,,,,weak,very_weak,,weak,very_weak,,,very_weak,,,,,,,,,very_weak,,,,strong,weak,very_weak,8.21,8.01,19.835,0.135,3.5650000000000004,5.46,0.22,30.465000000000003,5.44,48.650000000000006,42.07,20.935,19.21,35.46,13.68,23.525,66.62,25.26,2.325,6.99,14.37,28.32,33.89,17.57,21.075000000000003,534.918687211643,287.605469798062,949.00258355393,10.1058768433874,112.317453923835,468.147127272304,17.2217847396924,465.999338806715,37.7439598241412,2424.04803702419,6437.8483032797,460.989495659422,2150.58452676865,674.047748198532,1684.61538944083,139.981708436917,2873.76546313039,770.49518921545,256.496851629436,147.817517617246,597.424528815341,667.292004416087,506.584562353248,270.108602770393,Fc mu receptor,O60667,606015.0,gene,9214.0,FCMR,ENSG00000162894,bacteria
sp|O60667|FCMR_HUMAN,sp,O60667,FCMR,HUMAN,0644875|tr|A0A934P9G6|A0A934P9G6_9STRE,644875,tr,A0A934P9G6,A0A934P9G6,LALLGL,265,270,LALLGL,67,72,QTVPSLALLGLFIPFM,6,,,,,,,,,,,,,,,,,,,,,,,,,,,,,,,,,,,,,,,,,,,,,,,,,,,,,,,,,,,,,,,,,,,,,,,,,,,,,,,,,,,,,28.475,52.92999999999999,61.15,62.55,55.01,67.745,69.035,51.08,64.595,49.855,54.98,47.66,44.905,48.255,58.775,42.275,47.355,47.49,40.72,63.84,50.135000000000005,49.125,50.785,59.47,63.81,326.775649399978,593.134977941072,1479.3496489397,3367.62809847459,641.369484522713,6368.22316519845,5276.77979971564,393.964678294654,1574.71761576008,711.917811398838,3482.310053379,462.80863626402,2108.14759852717,353.230971345295,2411.72623141509,118.704828450724,423.859892108599,557.02067579906,563.708105796538,1541.94146755579,551.998983472903,772.916596360423,395.874680257913,916.330473846596,Fc mu receptor,O60667,606015.0,gene,9214.0,FCMR,ENSG00000162894,bacteria
sp|O60667|FCMR_HUMAN,sp,O60667,FCMR,HUMAN,0644875|tr|A0A934PB63|A0A934PB63_9STRE,644875,tr,A0A934PB63,A0A934PB63,LGLFLL,260,265,LGLFLL,165,170,FLDWKLGLFLLLLLPI,6,,,,,,,,,,,,,,,,,,,,,,,,,,,,,,,,,,,,,,,,,,,,,,,,,,,,,,,,,,,,very_weak,,,,,,,,,,,,,,,,,,,,,,,,very_weak,29.725,65.66499999999999,82.83500000000001,70.815,59.95,78.115,85.32,69.94,78.78999999999999,90.69,64.095,22.51,81.64,25.31,50.48,69.3,85.035,12.9,50.34,83.94,33.34,54.335,75.155,74.905,74.255,756.771803333976,1572.30006385356,7044.57772816174,5534.24697501361,1239.98529621346,11124.8065738411,12457.3279861403,2216.2546171824,4889.7147396914,8501.94644775106,5830.39762213833,266.448337743026,7413.28350275106,261.07474031293,1682.61159396071,839.087425832149,6406.44061290437,261.196233717821,1796.10930631262,6370.42843535178,473.767567012109,1556.25517463502,2724.78593411411,3208.7348079374,Fc mu receptor,O60667,606015.0,gene,9214.0,FCMR,ENSG00000162894,bacteria
sp|O60667|FCMR_HUMAN,sp,O60667,FCMR,HUMAN,0644875|tr|A0A934UCZ2|A0A934UCZ2_9STRE,644875,tr,A0A934UCZ2,A0A934UCZ2,RRLAVR,287,292,RRLAVR,51,56,MFSTPRRLAVRVVNLA,6,,,,,,very_weak,,,very_weak,,,,,,,,,,,,,,,,,,,,,,strong,weak,very_weak,,,,,,,,,,,,,,,very_weak,,,,,,very_weak,,,,,,,,,very_weak,,,,,,,,weak,very_weak,,,,,,,,,,strong,weak,very_weak,45.05,18.065,12.035,59.28,30.02,42.3,48.185,34.545,27.64,34.2,0.77,25.165,48.685,32.05,12.635,19.87,27.74,41.325,18.08,39.385000000000005,24.35,6.475,42.005,43.165,26.72,3846.11953016334,166.878873105019,201.060621103469,3605.92687976287,357.533650374576,1734.19808517532,1481.65634331319,191.350337272753,318.075673333559,858.789060568829,101.979679265906,770.395156664172,3866.43911364769,619.992477190759,651.750787267383,50.5864825365885,557.430651733837,1375.90273508646,519.827193037225,748.077241054292,544.695573395272,137.342769744,268.988685060837,677.946172538901,Fc mu receptor,O60667,606015.0,gene,9214.0,FCMR,ENSG00000162894,bacteria
sp|O60667|FCMR_HUMAN,sp,O60667,FCMR,HUMAN,0644875|tr|A0A934P9Z5|A0A934P9Z5_9STRE,644875,tr,A0A934P9Z5,A0A934P9Z5,SSVAGD,194,199,SSVAGD,42,47,LIIYNSSVAGDATKDV,6,,,,,,,,weak,very_weak,,,very_weak,,,very_weak,strong,weak,very_weak,,,,,weak,very_weak,,weak,very_weak,strong,weak,very_weak,,,very_weak,,,,,,very_weak,,weak,very_weak,,,,,,,,,very_weak,,weak,very_weak,,weak,very_weak,,,,,,,,weak,very_weak,,,,,weak,very_weak,strong,weak,very_weak,,weak,very_weak,,,very_weak,strong,weak,very_weak,38.59,28.47,8.99,12.725,16.37,1.3050000000000002,22.31,5.69,8.43,1.35,15.715,38.925,6.75,43.855,47.315,4.79,6.07,46.1,44.285,5.045,48.9,2.405,1.245,3.695,17.259999999999998,3543.77117395965,769.553730518712,337.90739597464,1966.63710418867,100.32600018632,22.904431193361,1602.02522155756,191.238570042849,21.9818087487962,60.5340585787307,4421.06311515598,3600.54678190343,1218.87528197917,3225.5822974827,6958.74676430491,38.7671000531682,271.083555646392,6071.69452367326,2165.247121601,175.516259339162,3675.37113363356,292.561258158547,73.6309743873772,157.183391917478,Fc mu receptor,O60667,606015.0,gene,9214.0,FCMR,ENSG00000162894,bacteria
sp|O60667|FCMR_HUMAN,sp,O60667,FCMR,HUMAN,0283361|tr|A0A415ZNG5|A0A415ZNG5_9BACT,283361,tr,A0A415ZNG5,A0A415ZNG5,RARGAD,321,326,RARGAD,104,109,ATAYARARGADRMSSY,6,,,,,,,,,very_weak,,,,,,,,,very_weak,,,,,,very_weak,,,,,weak,very_weak,,,very_weak,,,,strong,weak,very_weak,,,,,,,,,,,,,,,very_weak,,weak,very_weak,,,,,,,,,,,,,,weak,very_weak,,,very_weak,,,,,,very_weak,strong,weak,very_weak,68.855,43.67,19.67,35.379999999999995,43.78,13.835,39.97,19.505,24.265,9.755,17.535,66.68,65.265,72.475,45.745,11.335,6.25,67.225,59.255,20.2,71.21000000000001,7.54,10.105,37.805,14.12,9639.60659055596,1394.5171341122,1145.21889203764,4247.6617321618,2298.78033363567,2439.30791254125,3146.98356872972,856.320966612225,1866.84424813806,88.0986940039385,4555.8671940433,8878.65412235909,5247.17449625113,8014.66701998509,6235.81000500988,110.613365286724,202.828270066001,10363.7973919539,7003.38696724013,960.219400194295,6310.53878735806,126.506379054017,316.185043561983,2089.09686907049,Fc mu receptor,O60667,606015.0,gene,9214.0,FCMR,ENSG00000162894,bacteria
sp|O60667|FCMR_HUMAN,sp,O60667,FCMR,HUMAN,0283361|tr|A0A416AA68|A0A416AA68_9BACT,283361,tr,A0A416AA68,A0A416AA68,FLPVSG,10,15,FLPVSG,447,452,KVTPQFLPVSGNATNL,6,,,,,,very_weak,,weak,very_weak,,,,,,very_weak,,weak,very_weak,,,,strong,weak,very_weak,,,very_weak,,,very_weak,,,,,,,,weak,very_weak,,,,,,,,,,,,,strong,weak,very_weak,,,,,,,,,,,weak,very_weak,,,,,weak,very_weak,,weak,very_weak,,weak,very_weak,,weak,very_weak,strong,weak,very_weak,57.475,10.035,6.28,24.09,10.57,4.14,70.99,1.68,13.805,18.16,23.405,36.3,42.685,35.625,41.845,0.41,52.145,37.115,43.565,2.83,44.5,9.775,3.725,5.82,9.535,7799.00826062273,395.036047657766,323.269560891587,3305.03536159442,371.698599118271,447.136305433666,10452.4236401336,55.6753117662139,337.414185052358,418.387653622091,4674.15290827914,1741.04151692998,4363.32403547298,2545.37850638934,5000.68141678635,6.84648197059735,2971.8865403043,3515.66292616614,4393.88111479724,125.772119421526,2367.61762472935,270.131983903851,99.8840902310867,235.345788652999,Fc mu receptor,O60667,606015.0,gene,9214.0,FCMR,ENSG00000162894,bacteria
sp|O60667|FCMR_HUMAN,sp,O60667,FCMR,HUMAN,0283361|tr|A0A415ZST2|A0A415ZST2_9BACT,283361,tr,A0A415ZST2,A0A415ZST2,VEGELG,25,30,VEGELG,211,216,MKQDGVEGELGTLEFA,6,,,,,,,,,,,,,,,,,,,,,,,,,,,,,,,,,,,,,,,,,,,,,,,,,,,,,,,,,,,,,,,,,,,,,,,,,,,,,,,,,,,,,67.555,77.855,87.425,65.66,83.775,82.965,76.35,83.325,90.25,46.095,76.95500000000001,81.38499999999999,20.675,70.3,81.595,60.735,55.16,73.69999999999999,79.315,60.305,71.14,82.86,73.095,50.63,88.465,8021.78096279582,10530.4079436912,15854.9523239458,8671.40132337035,15281.7941567311,23920.8985541604,12119.1097753691,11770.5727864055,15265.433703779,1973.37264266729,22131.2524331543,10785.7094149813,1241.55600501465,9634.60156685555,16479.0004428173,4329.55843838287,3529.03989260086,13307.8351350459,14943.171425485,8276.39909666723,6900.56469137689,7701.4850768999,7697.06993981458,5571.85866421826,Fc mu receptor,O60667,606015.0,gene,9214.0,FCMR,ENSG00000162894,bacteria
sp|O60667|FCMR_HUMAN,sp,O60667,FCMR,HUMAN,0283361|tr|A0A3R6IMY1|A0A3R6IMY1_9BACT,283361,tr,A0A3R6IMY1,A0A3R6IMY1,ACGAGM,103,108,ACGAGM,110,115,AGIGLACGAGMYGISI,6,,,,,,,,,,,,,,,,,,,,,,,,,,,,,,very_weak,,,,,,,,,,,,,,,,,,,,,,,,,,,,,,,,,,,,,,,,,,,,,,,,,,,,,,very_weak,73.41,66.36500000000001,64.44,74.695,53.775,59.985,71.945,47.025000000000006,55.57,16.94,74.16499999999999,77.91,62.235,80.475,81.455,22.645,43.82000000000001,78.855,61.265,58.22,83.49000000000001,48.295,30.39,70.83500000000001,68.81,6664.36304076792,2180.55225898977,2272.88598877934,7087.00752249453,1533.97076054184,5741.1929327851,6687.91140615788,609.661709489463,1681.61059019162,123.823696741914,10103.6044288582,6110.11540292742,3740.96819579402,7007.32838081162,10948.3176914545,65.7278696769631,398.552175360096,9367.14060909904,3441.4824512132,1993.04937869367,7041.45336967855,583.883136480128,182.60425189115,2967.8698629574,Fc mu receptor,O60667,606015.0,gene,9214.0,FCMR,ENSG00000162894,bacteria
sp|O60667|FCMR_HUMAN,sp,O60667,FCMR,HUMAN,0283361|tr|A0A3R6MFN2|A0A3R6MFN2_9BACT,283361,tr,A0A3R6MFN2,A0A3R6MFN2,ADAAGT,325,330,ADAAGT,473,478,LQRVAADAAGTAFFIK,6,,,,,,very_weak,,,,,weak,very_weak,,,,,,very_weak,strong,weak,very_weak,,,,,,,,weak,very_weak,strong,weak,very_weak,,,,,,,,weak,very_weak,,,,,,,,weak,very_weak,,,,,,,,,,,,,,weak,very_weak,,,,,,,,,,,,,,,,strong,weak,very_weak,48.125,17.045,34.114999999999995,2.905,43.49,11.505,1.87,29.025,20.185,2.635,0.89,43.08,9.925,54.185,46.33,23.605,20.84,56.235,37.35,6.0,51.275,21.75,21.04,31.48,43.645,5175.22959031457,578.581709817969,1245.76777465871,197.398327992125,2229.91684558332,1723.03229384423,128.554030293722,589.488209106693,389.682880024597,54.9095615665577,469.090212073686,1924.8911294762,975.255025913964,3376.34780834155,4344.85682826057,210.850334346483,414.266011207382,3647.56066039594,3108.23720595082,231.324148441028,2496.20431516403,560.211954388292,288.14120245884,1423.74358477279,Fc mu receptor,O60667,606015.0,gene,9214.0,FCMR,ENSG00000162894,bacteria
sp|O60667|FCMR_HUMAN,sp,O60667,FCMR,HUMAN,0283361|tr|A0A3R6IK33|A0A3R6IK33_9BACT,283361,tr,A0A3R6IK33,A0A3R6IK33,LHAPSL,355,360,LHAPSL,392,397,FESQCLHAPSLQATPS,6,,,,,,,,,,,,,,,,,,,,,,,,,,,,,,,,,,,,,,,,,,,,,,,,,,,,,,very_weak,,,very_weak,,,,,,,,,,,,,,,,,,,,,,,,,,,very_weak,67.13,47.575,35.44,69.10499999999999,31.75,42.47,62.73,24.135,58.705,23.42,34.805,40.565,54.75,51.815,66.27,18.225,19.02,53.705,49.175,22.15,46.125,28.73,22.59,33.54,40.4,6508.30508583861,1034.28042017733,1236.54207962195,7008.16242557754,920.982223857743,4199.4054888455,6393.76828590594,356.675888423701,2577.58250683324,424.635646982349,5216.49343650144,2766.40426626424,4091.36280662467,2597.37554653034,6644.49121392434,61.0735195234755,736.830991598475,4969.07544892862,3226.87385914804,481.675715038317,2810.72549253007,323.69656266046,252.35666991574,742.738137276289,Fc mu receptor,O60667,606015.0,gene,9214.0,FCMR,ENSG00000162894,bacteria
sp|O60667|FCMR_HUMAN,sp,O60667,FCMR,HUMAN,0283361|tr|A0A416AE70|A0A416AE70_9BACT,283361,tr,A0A416AE70,A0A416AE70,GLFLLA,261,266,GLFLLA,354,359,SIFATGLFLLATLPTH,6,,,,,,very_weak,,,very_weak,,,,,,very_weak,,,,,,,,,,,,,,,,,,,,weak,very_weak,,,,,,,,weak,very_weak,,,,,,,,weak,very_weak,,,,,weak,very_weak,,,very_weak,,weak,very_weak,,weak,very_weak,,,,,,,,weak,very_weak,,,very_weak,,weak,very_weak,26.905,17.985,12.085,46.41,11.864999999999998,29.91,49.7,39.495,43.42999999999999,49.655,41.05,5.725,40.55,6.69,32.785,6.14,40.005,2.795,12.239999999999998,7.945,6.205,44.835,27.39,8.945,13.605,864.999821192597,113.192176704149,115.715866674515,2125.83042726682,77.236982101868,779.062461601326,3165.9722409093,179.202504868884,591.577552119163,800.466569092591,1845.5957259219,83.2032159527654,2415.72197232474,75.863767031095,642.070754663803,12.0469158376447,497.249576069209,69.4319299963625,282.281242375043,52.8650549821753,150.811026525456,322.291685501808,97.3658700693034,43.8548344852953,Fc mu receptor,O60667,606015.0,gene,9214.0,FCMR,ENSG00000162894,bacteria
sp|O60667|FCMR_HUMAN,sp,O60667,FCMR,HUMAN,0283361|tr|A0A415ZNW3|A0A415ZNW3_9BACT,283361,tr,A0A415ZNW3,A0A415ZNW3,LEGLLK,216,221,LEGLLK,27,32,MALPSLEGLLKQAKEV,6,,,,,,,,,,,,,,,,,,,,,,,,,,,,,,,,,,,,,,,very_weak,,,,,,,,,,,,,,,,,,,,,,,,,,,,,,,,,,,,,,,,,,very_weak,,,very_weak,74.71000000000001,36.525000000000006,32.575,81.625,55.22,73.36500000000001,26.950000000000003,71.865,36.685,62.43000000000001,59.735,55.24,75.615,46.69,21.05,55.97,28.745,59.225,26.325,64.14,51.595,50.4,69.08500000000001,69.005,13.515,9312.16794205537,810.05921094195,2142.33992978593,9558.49273415043,1866.5008994216,11706.4339041672,3552.37038172076,2614.49022395018,3755.93385984702,2123.46264245457,6713.43129730101,3103.53250887563,6158.76677129107,1687.29691462459,1659.50510759818,421.983767808263,1225.0894102723,4090.21200990035,1985.94583165523,2986.55320749837,1596.69537155798,1343.18930362599,1745.20962626163,3204.1206613895,Fc mu receptor,O60667,606015.0,gene,9214.0,FCMR,ENSG00000162894,bacteria
sp|O60667|FCMR_HUMAN,sp,O60667,FCMR,HUMAN,0283361|tr|A0A3R6IEZ4|A0A3R6IEZ4_9BACT,283361,tr,A0A3R6IEZ4,A0A3R6IEZ4,AAGTGE,327,332,AAGTGE,23,28,MMAGEAAGTGEPGTGK,6,,,,,,,,,,,,,,,,,,,,,,,,,,,,,weak,very_weak,,,,,,,,,,,,,,,,,,,,,,,,,,,,,,,,,,,,,,,,,,,,,,,,,,,,,weak,very_weak,94.3,95.0,91.885,95.0,95.0,89.505,95.0,87.265,95.0,2.31,87.9,95.0,55.665,95.0,95.0,76.16499999999999,51.94,95.0,95.0,83.9,95.0,43.95,78.775,95.0,95.0,25189.2403892113,28448.21285257,17584.0935852355,33044.4198524268,30391.7912484706,25514.8340756236,35342.9039231795,16876.8773512865,30316.2538148719,50.8339336625556,26422.573856734,31624.5979025438,6574.19594220572,32266.4361248193,34544.8017336063,5738.33619576452,4766.02551098757,34188.2123040333,34796.8885592262,15000.1919338249,30618.8721164684,2747.28431032378,9758.82072543189,28649.3002027528,Fc mu receptor,O60667,606015.0,gene,9214.0,FCMR,ENSG00000162894,bacteria
sp|O60667|FCMR_HUMAN,sp,O60667,FCMR,HUMAN,0283361|tr|A0A415ZP86|A0A415ZP86_9BACT,283361,tr,A0A415ZP86,A0A415ZP86,ILGLFL,259,264,ILGLFL,313,318,YYDLTILGLFLVGNGL,6,,,,,,,,,,,,,,,,,,,,,,,,,,,,,,,,,,,,,,,,,,,,,,,,,,,,,,,,,,,,,,,very_weak,,,,,,,,,,,,,,,,,,,,,very_weak,42.21,52.17,62.370000000000005,57.755,43.085,77.25,76.11,65.16499999999999,74.135,74.505,72.01,43.5,56.715,28.335,58.07,42.43,54.68,38.855,15.55,71.655,50.80500000000001,52.985,70.75,60.775000000000006,65.14,1272.74398438602,1042.29023460132,2239.05560485737,4694.22289990295,541.65714761077,11975.985190401,9483.087729872,1648.05329780358,3440.58890138415,3705.27740927972,9383.47224160537,1120.61819830467,5173.38209054922,450.735610311841,3221.64099772053,168.078466309067,1383.98019947328,1224.54606776983,784.161936543404,3007.50107350134,1093.52470921248,1381.1529374128,1918.25880224748,1355.13006957968,Fc mu receptor,O60667,606015.0,gene,9214.0,FCMR,ENSG00000162894,bacteria
sp|O60667|FCMR_HUMAN,sp,O60667,FCMR,HUMAN,0283361|tr|A0A3R6LX78|A0A3R6LX78_9BACT,283361,tr,A0A3R6LX78,A0A3R6LX78,LFLLAL,262,267,LFLLAL,6,11,MKKRVLFLLALFIIWL,6,,,,,,,,,,,,,,,,,,,,,,,,,,,,,,,,,,,,,,,,,,,,,,,,,,,,,,,,,,,,,,,,,,,,,,,,,,,,,,,,,,,,,45.425,62.69,73.3,73.22,37.995,73.105,79.935,57.115,72.58,94.795,56.875,39.365,88.44,37.745,48.41,22.295,86.095,37.485,27.565,81.25999999999999,49.52,62.805,75.805,71.22,62.725,2072.25763600196,1281.28285986481,3676.40521329766,7693.90592787624,771.905361325063,9968.41515907882,9416.83228736833,1563.055839956,3053.30544447724,12180.2370456528,3981.66007282512,468.081283677518,11031.4340012733,493.044059005909,1403.34145394889,167.878542413556,6912.14710079228,658.662684991904,1137.42679158191,5280.20652713753,821.400458748873,2720.57332799201,2909.21122196504,3159.29953466007,Fc mu receptor,O60667,606015.0,gene,9214.0,FCMR,ENSG00000162894,bacteria
sp|O60667|FCMR_HUMAN,sp,O60667,FCMR,HUMAN,0283361|tr|A0A416AH02|A0A416AH02_9BACT,283361,tr,A0A416AH02,A0A416AH02,ERRKAL,277,282,ERRKAL,308,313,ERRQEERRKALEQEAS,6,,,,,,,,,,,,,,,,,,,,,,,,,,,,,,,,,,,,,,,,,,,,,,,,,,,,,,,,,,,,,,,,,,,,,,,,,,,,,,,,,,,,,78.195,60.11,50.89,92.32,81.38999999999999,82.635,70.94,85.275,63.15,85.45,29.285,68.01,71.05000000000001,70.415,57.13,82.625,68.83,76.38,79.465,78.655,64.055,45.715,80.22999999999999,82.03999999999999,47.83,15962.3598701732,5307.81543664143,7432.23727116079,20921.5975003894,14120.1389907671,23642.2336347069,13859.0431975741,14778.5230517816,12054.2454457631,11182.1285194987,8727.02816652455,13826.691433182,7207.097446583,12732.867400778,11268.2389827827,6554.80573719199,8512.16338025354,17593.0378909793,16885.8273230588,11328.8737832558,8759.66549922467,6257.64096646768,10714.7574358191,10015.4431214649,Fc mu receptor,O60667,606015.0,gene,9214.0,FCMR,ENSG00000162894,bacteria
sp|O60667|FCMR_HUMAN,sp,O60667,FCMR,HUMAN,0283361|tr|A0A3R6LNR0|A0A3R6LNR0_9BACT,283361,tr,A0A3R6LNR0,A0A3R6LNR0,FLLALL,263,268,FLLALL,384,389,FQPAIFLLALLFSLLI,6,,,,,,,,,,,,,,,,,,,,,,,,,,,,,,,,,,,,,,,,,,,,,,,,,,,,,,,,,,,,,,,,,,,,,,,,,,,,,,,,,,,,,47.305,55.23,71.955,66.44,65.4,70.47,82.66499999999999,62.73,77.31,73.59,58.635000000000005,37.42,77.91499999999999,41.8,54.355,63.34,70.515,25.21,51.205,75.93,46.86,54.42,57.22,70.765,67.635,2415.17314557915,1423.68196774648,3780.51891117015,5940.23870352329,1797.62575947098,7475.22237831193,10827.3343683548,1162.74868656958,4378.97862675161,3002.55898330118,4058.9112080489,177.669587361988,7233.81573497906,218.075504878545,1560.65619154407,435.72662144797,2526.14569361345,248.600510094849,2400.53172531798,3672.6282552753,468.101542258735,1568.05282619258,973.262727516121,2362.57643102182,Fc mu receptor,O60667,606015.0,gene,9214.0,FCMR,ENSG00000162894,bacteria
sp|O60667|FCMR_HUMAN,sp,O60667,FCMR,HUMAN,0283361|tr|A0A416ACV6|A0A416ACV6_9BACT,283361,tr,A0A416ACV6,A0A416ACV6,AYASSS,152,157,AYASSS,697,702,PNSKYAYASSSGTLQA,6,,,,,,,,weak,very_weak,,,very_weak,,,very_weak,,weak,very_weak,,,,strong,weak,very_weak,,,,strong,weak,very_weak,,,very_weak,,,,,weak,very_weak,,,,,,,,,,,,,strong,weak,very_weak,,,very_weak,,,,,,,strong,weak,very_weak,,,,,weak,very_weak,strong,weak,very_weak,,weak,very_weak,,,very_weak,strong,weak,very_weak,57.94500000000001,45.575,7.04,18.92,18.14,4.13,60.235,1.77,28.475,0.98,12.74,42.510000000000005,26.315,48.46,56.125,1.22,10.18,43.745000000000005,58.93,0.835,61.35,2.28,0.22,3.44,10.81,11264.4601012904,2456.07187844359,507.160408321843,2482.30682349235,855.459736108008,576.694237227098,7560.05826514744,58.2019898143403,1223.83081362482,44.524672451334,3482.310053379,4907.47028468951,2718.95482960225,4510.69335828442,8071.93035228044,12.6289744455913,497.927934765458,6455.0763684445,7022.73629681381,59.1011964809581,4416.42556168006,232.88618760147,27.1901925122165,162.53790865636,Fc mu receptor,O60667,606015.0,gene,9214.0,FCMR,ENSG00000162894,bacteria
sp|O60667|FCMR_HUMAN,sp,O60667,FCMR,HUMAN,0283361|tr|A0A3R6QQ49|A0A3R6QQ49_9BACT,283361,tr,A0A3R6QQ49,A0A3R6QQ49,LLGLVV,267,272,LLGLVV,288,293,PFLGVLLGLVVLWFYT,6,,,,,,,,,,,,,,,,,,,,,,,,,,,,,,,,,,,,,,,,,,,,,,,,,,,,,,,,,,,,,,,,,,,,,,,,,,,,,,,,,,,,,61.22,73.17,78.03999999999999,70.06,68.75,80.3,84.15,69.825,78.105,75.235,72.275,49.545,83.32499999999999,36.485,65.53,52.775000000000006,77.24,44.2,48.66,84.50999999999999,51.045,66.33500000000001,75.78,76.265,72.495,3196.22612740852,2651.92641283444,5072.77879458487,6368.49878221349,2334.87690710423,12379.9329435854,11704.6607841931,2194.44547665052,4646.62129044608,3527.97091851647,9141.55886200187,633.459092623667,8960.39521585783,310.220958617424,4102.88859686466,373.682549689999,3861.54763076609,561.000486809813,2049.69098495851,6631.34800843963,699.305848189767,3252.98994966185,2859.65268538522,3540.32199994525,Fc mu receptor,O60667,606015.0,gene,9214.0,FCMR,ENSG00000162894,bacteria
sp|O60667|FCMR_HUMAN,sp,O60667,FCMR,HUMAN,0283361|tr|A0A3R6IJY5|A0A3R6IJY5_9BACT,283361,tr,A0A3R6IJY5,A0A3R6IJY5,PTILGL,257,262,PTILGL,386,391,SPDIMPTILGLCGLAK,6,,,,,,,,,,,,,,,,,,,,,,,,,,,,,,,,,,,,,,,,,,,,,,,,,,,,,,,,,,,,,,,,,,,,,,,,,,,,,,,,,,,,,64.19500000000001,42.41,46.725,76.12,47.885,65.3,58.65,53.5,60.765,34.245000000000005,51.62,42.5,66.295,32.765,43.425,44.525,25.645,47.635000000000005,39.355,60.79,40.56,45.475,52.725,61.73,46.5,5556.80746088602,577.655952614573,961.737445605511,7255.92109715874,514.639420356114,6072.08870279926,3777.61581567234,878.620496675964,1705.55994281147,613.546121245448,4706.17384296816,1252.30868901147,5289.927677622,785.792645764677,1597.49026028929,121.966147065241,731.231868332602,2166.79388840243,671.514539892629,1321.45134681081,1095.21795116164,563.476383960771,701.313804032101,1289.9069356134,Fc mu receptor,O60667,606015.0,gene,9214.0,FCMR,ENSG00000162894,bacteria
sp|O60667|FCMR_HUMAN,sp,O60667,FCMR,HUMAN,0283361|tr|A0A3R6MGY2|A0A3R6MGY2_9BACT,283361,tr,A0A3R6MGY2,A0A3R6MGY2,VSGALR,13,18,VSGALR,470,475,GEDGTVSGALRMNPAL,6,,,,,,,,,,,,,,,,,,,,,,,,,,,,,weak,very_weak,,,,,,,,,,,,,,,,,,,,,,,,,,weak,very_weak,,,,,,,,,,,,,,,very_weak,,,,,,,,,,,weak,very_weak,75.53999999999999,52.29,47.88,73.765,66.25999999999999,55.265,44.395,37.29,50.275,9.64,54.78,74.775,40.46,74.68,74.01,48.615,6.220000000000001,76.565,61.255,64.61500000000001,74.77000000000001,17.270000000000003,40.41,67.205,35.165,10129.3270253044,1759.60066746508,2124.95656839541,9583.13859716499,3003.53375216892,7338.42694442625,4231.78972992956,1413.55159223619,2204.94134272592,217.361738351912,8146.94951978503,8709.57710356862,2735.18323697954,6931.69432978418,10122.7533349564,487.769851883573,249.160619024234,11295.8265841254,5349.49971207686,3236.10434771766,6534.48282430319,299.203850186111,1029.85838913785,3913.83232457582,Fc mu receptor,O60667,606015.0,gene,9214.0,FCMR,ENSG00000162894,bacteria
sp|O60667|FCMR_HUMAN,sp,O60667,FCMR,HUMAN,0283361|tr|A0A415ZUY2|A0A415ZUY2_9BACT,283361,tr,A0A415ZUY2,A0A415ZUY2,CREMAG,49,54,CREMAG,238,243,AILSRCREMAGGLPGF,6,,,,,,,,,,,,,,,,,,,,,,,,,,,,,,,,,,,,,,,,,,,,,,,,,,,,,,,,,,,,,,,,,,,,,,,,,,,,,,,,,,,,,82.19,54.165,54.42,83.59,63.845,73.98,64.46,73.905,61.49,64.15,30.33,81.44,80.945,80.42,73.57000000000001,55.745000000000005,74.765,80.905,63.73,73.405,82.405,46.46,70.57499999999999,75.69500000000001,47.74,11223.2188143774,859.393246971569,1608.62553282873,10577.6835326875,1818.53842394927,9734.14432010539,4659.56005232522,3083.1497999655,2417.31689073946,1508.80236571727,5524.67457106881,8016.92197707065,7147.45755838722,6978.57678664083,7380.23064260114,360.747201894428,3526.74963033351,10623.1022479213,3840.87971843973,3515.66292616614,6494.58796998488,899.503368926733,1940.78482749166,4010.36864629949,Fc mu receptor,O60667,606015.0,gene,9214.0,FCMR,ENSG00000162894,bacteria
sp|O60667|FCMR_HUMAN,sp,O60667,FCMR,HUMAN,0283361|tr|A0A3R6ISS5|A0A3R6ISS5_9BACT,283361,tr,A0A3R6ISS5,A0A3R6ISS5,LGLFLL,260,265,LGLFLL,53,58,IIVVFLGLFLLLPTLS,6,,,,,,,,,,,,,,,,,,,,,,,,,,,,,,,,,,,,,,,,,,,,,,,,,,,,,,,,,,,,,,,,,,,,,,,,,,,,,,,,,,,,,39.705,59.865,71.02,77.555,45.655,79.33,82.78,72.65,77.95,90.295,67.925,35.495000000000005,86.38,38.67,56.22,46.29,76.605,27.135,54.96,72.545,45.61,56.215,76.465,61.755,67.0,969.563045824304,987.049090727926,3155.02955776127,7791.2488375043,651.236209184203,11809.48022028,10893.2550211315,2784.42181523528,4594.03142429517,8253.05982914127,7290.31009179115,322.347484324797,9453.89037162604,312.075926118486,2383.29573572534,235.743360810262,3710.17165296776,422.641751256331,2106.36919327945,2918.60651249508,631.057940673652,1806.92734983586,3016.07141173649,1265.84977889524,Fc mu receptor,O60667,606015.0,gene,9214.0,FCMR,ENSG00000162894,bacteria
sp|O60667|FCMR_HUMAN,sp,O60667,FCMR,HUMAN,0283361|tr|A0A3R6IGQ2|A0A3R6IGQ2_9BACT,283361,tr,A0A3R6IGQ2,A0A3R6IGQ2,ILPEVK,19,24,ILPEVK,318,323,LYCNKILPEVKTS,6,,,,,,,,,,,,,,,,,,,,,,,,,,,,,,,,,,,,,,,,,,,,,,,,,,,,,,,,,,,,,,,,,,,,,,,,,,,,,,,,,,,,,75.235,80.27000000000001,63.965,77.655,77.4,54.79,80.12,86.025,64.965,92.25,76.755,72.505,84.83,75.01,70.765,79.19,87.22,77.98,74.985,83.39500000000001,76.145,57.915000000000006,84.42,83.245,71.77,7652.64353105717,4454.67468477109,4669.14883232037,9050.13206774829,7415.93090812189,3767.65596499012,10350.0140848605,8054.74338590778,2297.41276444351,9552.90964362559,13729.3457935223,5609.0583527235,9753.75380402178,4953.6154320328,7352.89200980684,2700.33811630283,7492.63187338369,8874.14021193868,8323.5459978263,6129.84800568558,4381.49046451349,2966.68196807523,6436.24641250794,5932.08175673783,Fc mu receptor,O60667,606015.0,gene,9214.0,FCMR,ENSG00000162894,bacteria
sp|O60667|FCMR_HUMAN,sp,O60667,FCMR,HUMAN,0283361|tr|A0A3R6LUI8|A0A3R6LUI8_9BACT,283361,tr,A0A3R6LUI8,A0A3R6LUI8,ELGGSV,28,33,ELGGSV,452,457,NKYQQELGGSVFFVLN,6,,,,,,,,,,,,very_weak,,,,,,,,,,,,very_weak,,,,,weak,very_weak,,,,,weak,very_weak,,,,,,,,weak,very_weak,,,very_weak,,,,,weak,very_weak,,,,strong,weak,very_weak,,,,,,,,weak,very_weak,,,,,,very_weak,,,,,,,strong,weak,very_weak,46.96,67.92,62.145,19.5,47.2,26.015,70.275,17.700000000000003,53.29,5.62,35.875,2.08,21.055,4.0,14.7,2.65,27.135,1.105,41.995,31.06,2.75,46.545,18.63,36.79,54.77,2308.77579146482,2032.09174633166,2832.21688427509,1374.08772383997,1176.67011826748,3056.4785565883,6599.42472226088,284.125884111067,1234.68378091704,64.8343795975436,2356.93385564251,34.1548571502242,1055.24886218072,102.200597712393,794.074522045416,16.4223604957425,380.347822743987,32.9757679005697,1839.27641643244,777.757017683704,99.5356257321219,1017.39867996405,209.72408285695,902.427840784953,Fc mu receptor,O60667,606015.0,gene,9214.0,FCMR,ENSG00000162894,bacteria
sp|O60667|FCMR_HUMAN,sp,O60667,FCMR,HUMAN,0283361|tr|A0A415ZSS6|A0A415ZSS6_9BACT,283361,tr,A0A415ZSS6,A0A415ZSS6,RRLAVR,287,292,RRLAVR,42,47,VLLGCRRLAVRQPEEP,6,,,,,,,,,,,,,,,,,,,,,,,,,,,,,,,,,,,,,,,,,,,,,,,,,,,,,,,,,,,,,,,,,,,,,,,,,,,,,,,,,,,,,67.76,35.01,39.165,67.025,50.5,43.57,29.995,60.8,37.53,73.01,41.8,53.07,71.79,58.325,38.415,52.21,55.555,64.005,36.88,62.56999999999999,60.525,41.415,64.66499999999999,59.895,24.47,5971.04033305031,260.750093686902,518.187455501605,5569.26695732014,545.952333388297,3940.81512863608,632.931563108696,981.309510611265,681.336159773406,2893.60912999816,4369.22930275886,2084.67126463899,5731.20057060702,1426.16416073081,1499.05536588177,281.805185861297,1875.12388042068,3629.80494236633,636.26854411285,1653.37568190033,1878.12897269351,272.98495220783,1151.78007134198,1550.47355335299,Fc mu receptor,O60667,606015.0,gene,9214.0,FCMR,ENSG00000162894,bacteria
sp|O60667|FCMR_HUMAN,sp,O60667,FCMR,HUMAN,0283361|tr|A0A3R6NAX1|A0A3R6NAX1_9BACT,283361,tr,A0A3R6NAX1,A0A3R6NAX1,GGSVTI,30,35,GGSVTI,81,86,NAEQTGGSVTITSEPG,6,,,,,,,,,,,,,,,,,,,,,,,,,,,,strong,weak,very_weak,,,,,,,,,,,weak,very_weak,,,,,,,,,,,,,,weak,very_weak,,,,,,,,,,,,,,,,,,,,,,,,,strong,weak,very_weak,81.10499999999999,82.875,75.245,89.175,87.985,83.87,95.0,71.05,92.385,0.7250000000000001,75.87,91.21,3.79,91.625,90.4,78.59,4.52,92.06,91.12,61.27,91.61,21.35,66.005,64.565,84.975,17680.818429839,14318.9126888317,13383.2094338142,19605.9064355236,17378.1206534337,22177.7555393798,39464.6476172469,8212.97416998491,17400.698597059,45.7776602170963,23864.8007520558,19837.6401118766,977.695596554425,20576.3257530852,24876.6822902832,4540.51356024341,408.356121730052,23675.7676826368,22017.088300877,7682.84212497514,16707.0032586298,2162.36745646656,6290.36064178021,8371.68608048786,Fc mu receptor,O60667,606015.0,gene,9214.0,FCMR,ENSG00000162894,bacteria
sp|O60667|FCMR_HUMAN,sp,O60667,FCMR,HUMAN,0283361|tr|A0A415ZP86|A0A415ZP86_9BACT,283361,tr,A0A415ZP86,A0A415ZP86,TILGLF,258,263,TILGLF,312,317,AYYDLTILGLFLVGNG,6,,,,,,,,,,,,,,,,,,,,,,,,,,,,,,,,,,,,,,,,,,,,,,,,,,,,,,,,,,,,,,,very_weak,,,,,,,,,,,,,,,,,,,,,very_weak,39.13,49.04,63.525000000000006,52.645,38.96,77.25,77.31,61.19,73.41499999999999,74.505,71.48,46.8,61.0,33.035000000000004,60.765,40.91,54.68,39.695,15.55,72.865,50.545,52.985,67.69500000000001,61.885,64.08500000000001,1216.49059698523,1149.2406259282,2399.20745645046,3375.58073746135,601.653958135298,11975.985190401,8954.48324817677,1291.44306533973,3255.17287282211,3705.27740927972,8792.23462687739,940.803275564503,4903.17125183143,345.05275995339,3214.22491160786,199.379553503768,1383.98019947328,939.704555088879,784.161936543404,2982.35536081538,868.695180115059,1381.1529374128,1944.77871500889,1369.94599480168,Fc mu receptor,O60667,606015.0,gene,9214.0,FCMR,ENSG00000162894,bacteria
sp|O60667|FCMR_HUMAN,sp,O60667,FCMR,HUMAN,0283361|tr|A0A416AG83|A0A416AG83_9BACT,283361,tr,A0A416AG83,A0A416AG83,LLALLG,264,269,LLALLG,304,309,DLNSDLLALLGSWHIS,6,,,,,,,,,,,,,,weak,very_weak,,,,,,,,,very_weak,,,,,,,,,,,,,,,,,,,,,,,,,,,,,weak,very_weak,,,,,,,,weak,very_weak,,,,,,,,,,,,,,,,,,,,weak,very_weak,36.905,38.99,44.57,20.495,4.705,45.045,34.43,13.945,43.545,60.245000000000005,60.165,52.28,51.45,42.06,51.28,4.515000000000001,23.805,39.92,5.81,35.545,46.14,44.28,32.405,25.585,40.625,1934.34887198556,366.721192068171,776.470563543313,631.522409194062,44.9807987282012,4201.0869809441,875.403703357398,151.276790713089,747.988212023641,1618.99737992502,5043.11745410444,822.147337253068,3079.01605794884,437.919633678719,2281.26270879342,14.1239260269607,432.37346192073,880.266657717097,176.346199887438,521.816407890625,701.571845527863,580.63867890363,293.9955449907,266.425275445647,Fc mu receptor,O60667,606015.0,gene,9214.0,FCMR,ENSG00000162894,bacteria
sp|O60667|FCMR_HUMAN,sp,O60667,FCMR,HUMAN,0283361|tr|A0A416AEA9|A0A416AEA9_9BACT,283361,tr,A0A416AEA9,A0A416AEA9,LRILPE,17,22,LRILPE,7,12,IQELQLRILPEEAANE,6,,weak,very_weak,,weak,very_weak,,,very_weak,,,,,,very_weak,,,,,,,,,,,,,,,,,,very_weak,,,,,,,,weak,very_weak,,,very_weak,,,very_weak,,,very_weak,,,very_weak,,,very_weak,,,,,weak,very_weak,,,very_weak,,,very_weak,,,very_weak,,,,,,very_weak,,,very_weak,,weak,very_weak,5.67,4.87,17.745,25.43,14.39,39.985,23.975,43.27,38.765,47.105,18.915,26.04,7.35,14.65,18.125,10.6,13.080000000000002,22.655,3.35,15.385,11.99,12.635,30.755,11.525,19.225,818.986647519568,252.796654385449,1185.50042193825,4045.45120384432,854.886063696871,9218.13716036111,3735.75037643871,2617.77371579286,2697.56392164264,3883.37704778539,4576.86516162664,1555.16106757865,732.50677287913,748.935700410316,2233.87722003614,134.189060667857,784.696639634245,2125.76142534502,493.540429046036,1023.24969511852,691.66055157251,612.657215769207,1275.23894282483,634.144852238559,Fc mu receptor,O60667,606015.0,gene,9214.0,FCMR,ENSG00000162894,bacteria
sp|O60667|FCMR_HUMAN,sp,O60667,FCMR,HUMAN,0283361|tr|A0A416AAX2|A0A416AAX2_9BACT,283361,tr,A0A416AAX2,A0A416AAX2,ARGADA,322,327,ARGADA,323,328,AKGVPARGADARDWLW,6,,,,,,,,,,,,,,,,,,,,,,,,,,,,,,very_weak,,,,,,,,,,,,,,,,,,,,,,,,,,,,,,,,,,,,,,,,,,,,,,,,,,,,,,very_weak,62.935,75.92,80.45500000000001,77.935,80.66499999999999,78.74000000000001,59.285,72.425,86.25999999999999,11.755,76.375,92.205,27.1,92.22,87.93,58.21,26.785,88.21000000000001,79.84,83.18,92.27,28.05,60.215,82.03,82.74000000000001,9124.26605179032,5841.89015091021,9068.75608468342,9169.99004919994,8997.01981955826,16778.5586549515,7582.66829862261,5093.29276716142,10364.4702177329,252.5150853237,19414.6541691593,17051.43032373,2452.46045135254,17614.1797414661,18350.9023037905,1335.01764426847,1196.46648099207,18492.0174205773,13434.2774021462,8268.16470578804,14583.1485675203,586.783726044932,2656.92374195936,8728.53908946109,Fc mu receptor,O60667,606015.0,gene,9214.0,FCMR,ENSG00000162894,bacteria
